Age_Years,Weight_kg,Daily_Activity_Min,Vet_Visits_Per_Year,Daily_Food_Grams,Training_Level,Health_Score,Species,Living_Environment,Diet_Type,Adoption_Probability
6,37.52,264,0,110,9,1.7,Cat,Farm,Dry,0.55
19,38.73,275,1,178,4,6.2,Cat,House,Dry,0.76
14,73.52,158,3,734,5,8.7,Cat,House,Mixed,0.54
10,47.17,173,0,205,5,7.5,Rabbit,House,Mixed,0.84
7,3.11,149,5,427,8,4.2,Cat,Apartment,Mixed,0.03
6,73.06,267,3,671,3,1.8,Bird,Farm,Dry,0.37
18,20.23,278,2,635,1,2.8,Dog,Apartment,Wet,0.24
10,46.42,190,4,486,8,5.9,Rabbit,House,Wet,0.45
10,13.66,169,3,256,1,2.9,Rabbit,Apartment,Wet,0.07
3,3.19,297,4,437,9,5.9,Cat,House,Dry,0.95
7,25.26,297,3,529,8,3.1,Dog,House,Wet,0.22
2,62.55,235,2,389,1,8.6,Bird,House,Wet,0.92
1,22.57,20,0,389,7,4.6,Cat,Farm,Wet,0.43
11,18.0,19,2,253,8,3.2,Dog,Farm,Dry,0.99
5,17.41,280,0,210,9,8.3,Cat,House,Wet,0.55
1,41.46,282,0,589,8,4.1,Cat,Apartment,Wet,0.93
0,78.06,192,4,441,9,2.0,Cat,Apartment,Dry,0.01
11,36.99,162,5,726,8,6.1,Cat,Farm,Mixed,0.75
11,44.81,133,2,624,1,6.2,Cat,House,Wet,0.9
16,68.92,123,3,583,3,7.4,Cat,Apartment,Mixed,0.14
9,43.04,287,2,119,6,3.2,Cat,House,Wet,0.1
15,15.16,222,4,454,1,5.0,Bird,Apartment,Dry,0.42
14,24.32,181,0,657,0,3.5,Rabbit,Farm,Mixed,0.93
14,25.14,297,4,724,2,1.7,Bird,House,Mixed,0.54
18,32.09,183,1,640,3,8.9,Cat,House,Mixed,0.53
11,34.43,122,1,566,7,7.6,Cat,Apartment,Mixed,0.14
19,64.08,131,3,169,5,3.7,Bird,Apartment,Wet,0.0
2,28.28,41,4,739,1,6.4,Bird,Apartment,Wet,0.81
4,37.72,231,3,737,8,2.8,Rabbit,House,Mixed,0.09
18,50.19,128,3,266,1,9.0,Bird,Farm,Wet,0.63
6,30.53,48,1,105,4,2.0,Rabbit,Farm,Mixed,0.91
8,67.01,277,3,415,3,1.0,Cat,Apartment,Mixed,0.21
6,47.2,242,1,748,6,5.5,Dog,Farm,Dry,0.67
17,23.88,27,0,553,7,6.2,Dog,Apartment,Mixed,0.08
3,57.27,158,4,793,4,6.2,Dog,Farm,Wet,0.6
13,42.45,158,3,504,9,1.5,Dog,House,Mixed,0.16
17,42.99,135,1,153,4,3.8,Cat,Apartment,Dry,0.74
8,38.75,247,2,126,1,5.5,Dog,Farm,Wet,0.3
1,40.01,144,3,279,7,2.9,Bird,House,Dry,0.46
19,61.35,160,5,307,1,8.9,Bird,Farm,Dry,0.6
14,8.69,245,0,313,9,1.8,Dog,House,Mixed,0.17
6,27.08,233,0,380,5,5.4,Bird,House,Dry,0.74
11,6.5,212,2,231,7,7.2,Rabbit,Farm,Dry,0.3
7,60.38,265,1,599,5,3.4,Cat,Farm,Wet,0.66
14,22.15,95,3,737,3,6.6,Dog,House,Dry,0.16
2,71.85,159,1,76,3,8.5,Dog,House,Mixed,0.69
13,42.36,244,0,325,5,2.7,Cat,House,Mixed,0.13
16,64.16,31,1,701,3,9.3,Bird,Apartment,Mixed,0.43
3,78.33,294,0,348,7,6.0,Cat,House,Dry,0.25
17,67.26,278,1,140,8,3.7,Cat,Apartment,Wet,0.75
7,69.43,267,2,529,0,4.9,Bird,House,Mixed,0.26
3,32.93,38,4,622,3,3.8,Cat,Apartment,Dry,0.88
1,44.36,222,2,507,3,7.5,Bird,House,Mixed,0.89
5,20.68,292,2,500,1,8.2,Bird,House,Mixed,0.2
9,16.09,59,4,414,5,8.5,Cat,House,Wet,0.61
3,40.69,104,4,724,2,9.9,Rabbit,Farm,Mixed,0.09
17,47.81,97,3,400,6,8.1,Bird,Farm,Wet,0.39
11,27.47,53,3,704,4,6.4,Cat,House,Dry,0.71
1,45.77,287,2,449,3,4.1,Bird,Apartment,Mixed,0.66
9,71.05,180,2,302,4,5.9,Rabbit,Apartment,Dry,0.62
3,44.76,198,0,508,7,1.4,Rabbit,House,Dry,0.28
13,57.8,193,0,748,2,7.7,Dog,Farm,Dry,0.38
15,64.52,12,3,548,6,5.0,Bird,Apartment,Mixed,0.1
14,79.1,200,5,557,5,1.2,Bird,Farm,Wet,0.72
7,48.45,127,5,353,0,1.6,Cat,Apartment,Mixed,0.5
13,64.64,28,3,550,6,4.5,Bird,House,Dry,0.71
7,77.03,32,0,647,6,6.3,Dog,Farm,Wet,0.25
15,75.58,39,0,215,0,5.2,Rabbit,Apartment,Dry,0.32
12,11.72,117,5,464,8,6.6,Rabbit,House,Wet,0.33
17,32.81,290,1,511,5,5.3,Dog,House,Mixed,0.03
14,26.26,137,1,163,1,7.0,Bird,House,Wet,0.34
12,7.41,238,0,482,4,3.0,Bird,Farm,Mixed,0.8
8,50.84,120,1,405,3,2.0,Dog,Farm,Dry,0.9
14,59.0,145,4,744,6,6.4,Cat,House,Wet,0.52
12,67.93,195,3,256,7,5.4,Rabbit,Farm,Dry,0.46
0,10.26,153,3,284,0,1.2,Dog,Apartment,Wet,0.03
6,70.18,81,0,491,4,4.4,Dog,House,Mixed,0.88
8,51.61,138,2,404,2,2.0,Bird,House,Wet,0.01
0,56.46,270,5,564,0,5.8,Rabbit,Farm,Wet,0.94
11,72.89,12,0,257,2,4.6,Bird,House,Mixed,0.49
7,50.17,113,1,758,5,6.5,Dog,Apartment,Mixed,0.34
10,27.2,233,5,174,6,8.3,Cat,Farm,Mixed,0.92
18,66.1,19,2,187,7,3.7,Rabbit,Farm,Wet,0.02
16,29.36,240,1,388,3,9.7,Dog,House,Dry,0.58
7,3.22,228,4,586,2,5.8,Dog,House,Wet,0.55
2,66.54,75,1,117,4,6.6,Cat,House,Wet,0.22
2,27.94,121,4,622,8,7.1,Dog,Farm,Dry,0.43
0,62.02,22,5,590,5,7.0,Dog,House,Mixed,0.65
4,29.34,95,4,432,8,5.6,Rabbit,Apartment,Wet,0.73
9,68.95,243,5,68,5,4.9,Rabbit,House,Dry,0.0
6,17.95,99,5,732,1,1.5,Rabbit,House,Mixed,0.94
8,77.98,63,5,499,4,1.2,Bird,Farm,Mixed,0.16
6,62.49,21,5,123,8,4.2,Cat,House,Wet,0.23
8,9.58,218,5,622,7,4.0,Rabbit,Farm,Mixed,0.26
7,45.48,23,1,714,6,4.5,Bird,House,Mixed,0.04
11,78.84,130,5,325,0,2.2,Bird,Apartment,Dry,0.12
1,37.95,29,1,97,3,7.6,Cat,Apartment,Dry,0.99
0,14.98,84,5,260,6,8.7,Cat,Farm,Mixed,0.32
15,39.04,252,4,700,6,9.4,Dog,Farm,Dry,0.12
4,41.24,232,5,671,5,5.4,Bird,House,Mixed,0.11
2,59.46,79,2,744,7,7.3,Rabbit,House,Wet,0.72
11,56.06,220,5,589,5,8.7,Cat,Apartment,Dry,0.85
7,32.5,110,5,758,9,4.8,Bird,House,Mixed,0.26
2,17.83,195,4,240,2,3.8,Rabbit,Apartment,Mixed,0.02
0,51.78,141,3,364,3,9.4,Bird,Farm,Dry,0.22
2,34.03,120,4,612,2,5.6,Cat,House,Dry,0.06
4,11.02,141,2,710,0,5.5,Dog,Farm,Wet,0.1
14,72.1,29,3,611,9,2.6,Bird,House,Mixed,0.43
13,55.45,33,0,162,4,2.0,Rabbit,Apartment,Wet,0.23
2,54.81,236,0,219,0,8.6,Cat,Farm,Wet,0.52
0,65.9,163,2,517,0,6.5,Dog,Farm,Wet,0.25
4,42.61,239,4,727,1,3.9,Rabbit,House,Dry,0.94
13,65.3,211,1,63,3,2.7,Rabbit,Farm,Wet,0.91
6,40.1,47,2,764,5,6.0,Rabbit,Apartment,Dry,0.57
8,5.84,269,3,337,7,6.3,Bird,Farm,Dry,0.35
14,32.72,197,3,238,2,2.9,Cat,Farm,Wet,0.38
14,40.05,66,5,204,0,8.7,Rabbit,House,Wet,0.41
9,57.76,29,0,616,2,1.8,Bird,Farm,Mixed,0.73
12,8.97,282,3,743,2,4.2,Cat,House,Wet,0.45
18,11.63,128,2,771,4,7.1,Cat,House,Mixed,0.86
6,21.46,80,3,520,3,3.5,Bird,Farm,Wet,0.94
16,21.69,13,2,124,3,8.4,Bird,Apartment,Wet,0.34
19,58.71,230,1,326,8,7.7,Rabbit,House,Wet,0.56
3,20.43,23,5,694,6,8.1,Cat,Farm,Wet,0.1
4,50.83,12,0,392,3,2.1,Dog,House,Mixed,0.2
6,39.79,225,3,474,2,2.3,Bird,Apartment,Mixed,0.41
12,46.08,238,2,620,5,3.6,Cat,Apartment,Wet,0.21
14,67.13,195,4,560,2,5.7,Cat,House,Wet,0.88
10,32.65,64,0,231,5,7.7,Rabbit,Apartment,Mixed,0.16
3,61.79,263,1,507,8,8.5,Dog,Farm,Dry,0.46
12,34.05,33,2,113,5,7.3,Rabbit,Farm,Dry,0.61
6,28.63,171,5,309,3,9.4,Dog,House,Dry,0.69
18,76.71,167,5,242,4,7.6,Dog,Apartment,Mixed,0.38
1,15.16,91,1,704,5,3.8,Bird,Farm,Mixed,0.87
9,7.68,168,1,665,2,3.4,Cat,Farm,Dry,0.57
12,61.79,197,5,455,7,7.3,Cat,Farm,Dry,0.44
5,5.93,69,3,775,3,2.7,Cat,House,Wet,0.07
11,67.05,220,3,770,7,1.8,Dog,House,Mixed,0.46
11,35.26,161,2,142,9,5.8,Cat,Farm,Mixed,0.82
19,73.28,118,4,479,9,8.4,Bird,Farm,Dry,0.61
10,57.86,85,2,703,2,1.9,Dog,Apartment,Dry,0.83
6,49.03,39,4,483,9,8.1,Dog,Apartment,Mixed,0.49
0,75.97,126,1,453,6,8.3,Dog,Apartment,Wet,0.12
0,32.03,201,0,483,8,5.3,Dog,House,Dry,0.01
19,76.35,28,2,161,3,1.5,Bird,Farm,Mixed,0.3
12,11.23,182,2,424,7,2.6,Cat,House,Mixed,0.7
8,38.96,237,4,108,2,7.4,Bird,Farm,Wet,0.79
2,21.96,192,1,92,6,7.4,Cat,Apartment,Wet,0.3
6,43.42,122,1,256,2,9.1,Bird,Apartment,Dry,0.5
5,13.38,192,4,345,6,6.2,Rabbit,Apartment,Dry,0.42
7,67.4,155,1,167,9,2.1,Rabbit,Apartment,Dry,0.41
8,67.79,125,5,581,9,2.1,Rabbit,Farm,Mixed,0.23
4,76.44,122,3,271,5,7.5,Rabbit,Apartment,Dry,0.14
0,12.8,260,5,215,1,2.7,Dog,Farm,Mixed,0.2
18,50.05,260,0,692,2,4.0,Dog,Farm,Dry,0.06
9,38.2,127,2,205,5,5.4,Bird,House,Wet,0.2
11,27.88,170,0,233,3,1.2,Bird,Apartment,Wet,0.01
14,28.45,207,2,139,5,3.2,Rabbit,Apartment,Mixed,0.63
8,33.32,269,3,143,0,4.7,Cat,House,Wet,0.32
19,56.54,157,1,62,9,3.5,Rabbit,Farm,Mixed,0.97
16,48.06,249,5,791,0,2.2,Bird,Apartment,Mixed,0.19
16,37.04,56,4,487,2,7.6,Rabbit,Farm,Wet,0.35
19,6.54,207,5,587,7,8.3,Bird,House,Mixed,0.36
11,6.68,56,3,636,7,3.3,Rabbit,Farm,Wet,0.01
6,0.69,87,0,199,3,8.0,Cat,Apartment,Dry,0.84
1,77.43,133,4,709,5,4.5,Rabbit,Farm,Dry,0.03
2,0.92,84,1,57,7,5.6,Cat,Farm,Wet,0.94
16,8.7,146,3,78,6,8.7,Cat,Apartment,Wet,0.89
4,25.51,99,4,345,6,7.7,Bird,Apartment,Wet,0.54
16,64.69,70,3,770,3,8.2,Cat,Farm,Wet,0.54
16,76.99,147,3,689,8,2.2,Dog,Farm,Dry,0.65
16,63.31,59,1,389,9,1.6,Dog,House,Mixed,0.39
1,55.4,268,2,677,5,9.0,Dog,Apartment,Mixed,0.65
1,41.94,116,4,488,2,4.5,Bird,Farm,Dry,0.04
4,7.39,122,1,193,4,3.6,Dog,Apartment,Mixed,0.05
0,76.67,263,3,796,4,7.5,Bird,House,Dry,0.46
0,60.79,127,1,568,4,8.5,Bird,Farm,Mixed,0.55
18,51.3,207,2,94,7,8.8,Dog,Farm,Wet,0.89
1,60.84,60,5,288,8,3.8,Cat,Farm,Wet,0.1
11,58.07,254,4,204,8,8.7,Rabbit,Apartment,Wet,0.82
5,51.16,44,2,230,5,1.4,Bird,House,Dry,0.21
3,78.46,78,0,264,5,1.4,Dog,Apartment,Dry,0.39
10,72.32,58,4,137,8,6.6,Bird,Farm,Mixed,0.32
16,51.91,83,2,305,3,1.6,Cat,House,Mixed,0.4
5,55.61,201,3,560,5,3.9,Cat,Farm,Mixed,0.15
4,4.6,270,4,122,3,7.1,Dog,Farm,Dry,0.5
19,53.76,79,4,228,0,4.0,Bird,Apartment,Mixed,0.8
1,4.01,99,1,261,6,2.6,Rabbit,Farm,Wet,0.44
5,47.27,269,3,283,9,3.5,Rabbit,House,Mixed,0.49
10,79.95,135,0,514,5,5.1,Bird,Farm,Wet,0.85
15,44.69,240,5,272,8,5.3,Bird,Farm,Dry,0.71
15,38.12,138,2,680,6,8.0,Bird,Apartment,Wet,0.49
0,25.37,289,1,313,6,7.8,Dog,House,Wet,0.26
8,10.08,109,2,256,1,5.1,Cat,Apartment,Wet,0.88
5,58.62,191,0,656,8,8.6,Rabbit,Farm,Dry,0.58
15,15.81,183,0,783,9,2.0,Dog,Apartment,Dry,0.22
2,9.66,197,4,415,8,3.3,Bird,Apartment,Dry,0.27
19,34.03,66,0,325,5,8.5,Bird,Apartment,Dry,0.8
3,63.73,40,2,429,2,4.4,Cat,Apartment,Mixed,0.04
18,59.73,93,3,792,0,9.8,Bird,Farm,Dry,0.99
2,4.86,161,3,358,3,5.2,Dog,Farm,Wet,0.13
18,36.68,45,4,680,2,8.1,Dog,House,Dry,0.8
19,42.03,222,5,317,0,4.6,Cat,Apartment,Mixed,0.39
6,51.74,115,2,113,2,4.8,Dog,Apartment,Mixed,0.49
19,52.19,229,2,399,3,4.4,Rabbit,House,Mixed,0.88
8,29.49,172,0,543,7,7.5,Dog,Apartment,Wet,0.41
0,45.07,229,2,572,8,5.9,Dog,House,Dry,0.54
7,38.74,279,1,147,2,9.5,Dog,Farm,Dry,0.05
6,70.86,129,5,120,5,3.3,Rabbit,House,Dry,0.0
17,42.66,191,0,413,9,1.9,Bird,Apartment,Wet,0.24
7,35.56,115,1,619,4,4.5,Dog,House,Wet,0.68
0,32.66,226,4,325,5,6.6,Cat,Farm,Mixed,0.12
10,46.01,214,3,99,3,8.7,Rabbit,Apartment,Mixed,0.11
17,64.42,79,4,407,9,4.1,Cat,Farm,Dry,0.41
9,43.3,53,3,777,5,6.9,Dog,Farm,Wet,0.65
2,53.1,237,4,613,6,4.2,Cat,House,Wet,0.71
6,59.16,193,2,534,8,6.6,Dog,Farm,Dry,0.18
15,41.85,116,1,133,9,9.0,Rabbit,Apartment,Dry,0.08
15,34.43,93,3,687,6,3.1,Cat,Farm,Mixed,0.94
19,70.19,259,0,633,5,4.6,Cat,Farm,Mixed,0.26
16,33.69,30,1,345,0,9.9,Dog,House,Mixed,0.85
1,37.22,205,0,285,1,8.8,Dog,Farm,Dry,0.86
0,79.23,187,1,105,0,6.1,Bird,House,Dry,0.77
15,0.52,16,1,409,8,5.6,Dog,House,Mixed,0.17
11,15.25,79,4,159,9,3.6,Dog,Apartment,Mixed,0.82
4,31.03,136,3,241,9,5.7,Bird,Apartment,Wet,0.77
4,74.64,169,3,142,8,8.6,Dog,Apartment,Wet,0.6
8,6.07,257,1,617,6,7.2,Dog,Apartment,Mixed,0.34
8,1.25,212,2,109,1,3.6,Bird,House,Mixed,0.26
2,4.69,157,2,699,5,2.8,Rabbit,Farm,Wet,0.12
18,7.54,152,0,88,3,3.4,Rabbit,Apartment,Mixed,0.51
15,3.49,208,0,589,0,2.5,Dog,Apartment,Wet,0.59
15,38.64,163,4,98,0,1.9,Dog,Apartment,Wet,0.36
2,46.67,151,1,469,4,4.8,Bird,Farm,Wet,0.48
19,22.1,174,0,686,1,2.0,Bird,Apartment,Dry,0.36
0,32.16,30,0,62,3,2.5,Rabbit,Farm,Dry,0.64
19,7.79,91,5,85,0,5.9,Cat,House,Mixed,0.9
10,27.24,78,1,150,3,2.5,Dog,House,Wet,0.16
16,42.04,140,4,135,5,1.6,Cat,House,Dry,0.38
7,58.72,96,0,565,9,3.9,Cat,Farm,Mixed,0.14
3,0.77,227,4,272,3,3.0,Bird,Apartment,Mixed,0.62
5,37.65,170,3,387,0,5.6,Dog,Apartment,Mixed,0.73
7,24.11,187,4,215,6,1.9,Dog,Apartment,Mixed,0.93
19,68.3,126,2,432,1,7.8,Bird,Apartment,Mixed,0.28
2,57.39,205,2,425,8,9.2,Cat,Apartment,Wet,0.95
15,47.33,95,4,520,2,7.7,Bird,Farm,Mixed,0.06
2,22.54,298,2,691,7,5.8,Rabbit,House,Wet,0.6
17,72.87,90,3,80,7,8.7,Dog,Apartment,Dry,0.06
13,4.09,161,1,424,2,7.3,Rabbit,House,Mixed,0.89
17,9.2,70,2,60,3,1.1,Bird,Farm,Dry,0.53
1,31.63,70,2,351,1,4.5,Dog,Farm,Wet,0.67
2,10.39,37,4,145,3,8.7,Rabbit,Apartment,Wet,0.83
15,76.54,52,3,239,8,4.1,Rabbit,Farm,Dry,0.15
8,63.94,178,1,502,1,1.3,Cat,House,Mixed,0.04
3,21.09,95,4,241,2,7.7,Dog,Apartment,Mixed,0.88
0,47.29,186,4,535,3,8.2,Rabbit,Apartment,Dry,0.31
3,78.6,26,5,315,4,2.4,Rabbit,House,Dry,0.13
0,70.79,107,3,473,0,5.8,Cat,Apartment,Dry,0.47
13,48.26,207,1,177,6,2.7,Rabbit,Apartment,Mixed,0.6
15,72.35,107,3,287,9,7.5,Rabbit,House,Mixed,0.03
19,79.14,74,1,404,6,3.4,Rabbit,Apartment,Mixed,0.27
7,59.6,14,3,161,8,3.8,Cat,Apartment,Dry,0.03
6,5.67,11,4,495,3,8.6,Rabbit,House,Mixed,0.42
2,32.43,31,4,392,5,5.3,Rabbit,Farm,Wet,0.9
16,67.11,121,0,194,1,7.0,Dog,House,Dry,0.98
0,18.83,66,2,114,3,4.6,Dog,Apartment,Mixed,0.64
15,66.54,75,5,296,1,3.7,Cat,House,Dry,0.16
11,10.07,107,3,784,9,6.6,Bird,Apartment,Wet,0.91
18,4.23,153,5,539,4,2.4,Dog,Apartment,Wet,0.52
13,31.04,134,0,488,6,4.4,Cat,House,Dry,0.15
5,3.42,176,2,155,0,2.9,Rabbit,Apartment,Dry,0.92
5,76.6,95,3,230,9,7.3,Rabbit,Farm,Wet,0.76
12,66.18,85,1,233,9,9.5,Cat,Apartment,Dry,0.73
18,64.16,68,2,275,6,10.0,Rabbit,House,Wet,0.71
7,50.57,147,4,138,9,5.1,Rabbit,Farm,Wet,0.2
1,17.7,108,0,737,5,3.3,Bird,Farm,Mixed,0.21
0,41.7,201,2,579,5,5.0,Rabbit,Apartment,Dry,0.69
14,47.98,252,2,420,7,8.6,Dog,House,Dry,0.22
0,42.24,58,4,448,7,2.9,Rabbit,Apartment,Mixed,0.44
4,21.19,41,3,155,5,9.6,Cat,Apartment,Wet,0.78
15,41.46,286,1,320,2,4.1,Bird,House,Dry,0.78
18,39.55,29,4,552,4,9.9,Rabbit,House,Mixed,0.45
3,79.71,163,1,728,1,8.5,Cat,Apartment,Mixed,0.79
2,71.85,77,3,574,4,8.3,Dog,Farm,Dry,0.84
16,37.34,223,2,81,8,3.9,Rabbit,Apartment,Mixed,0.65
16,50.02,152,1,442,9,1.1,Bird,Farm,Wet,0.23
11,59.96,241,0,89,0,4.4,Rabbit,Apartment,Mixed,0.27
13,3.27,222,0,709,9,3.7,Cat,House,Wet,0.31
5,71.65,88,4,267,4,1.3,Bird,Farm,Wet,0.12
2,68.88,223,3,780,5,5.5,Rabbit,House,Dry,0.27
8,36.87,125,4,131,6,4.6,Dog,House,Mixed,0.21
4,31.6,101,4,769,8,6.7,Bird,House,Wet,0.46
16,22.2,279,5,250,5,6.6,Dog,House,Wet,0.91
13,38.4,177,4,496,4,2.1,Cat,House,Mixed,0.1
2,4.03,67,5,477,6,9.8,Rabbit,Apartment,Wet,0.72
0,68.25,293,0,87,0,2.7,Dog,Farm,Mixed,0.69
19,3.32,35,0,260,4,5.0,Cat,Apartment,Dry,0.1
0,26.66,75,4,493,1,5.4,Rabbit,Apartment,Wet,0.92
2,74.56,257,0,376,3,8.3,Cat,Apartment,Wet,0.57
17,58.95,263,3,276,6,1.9,Dog,House,Mixed,0.36
9,22.87,53,5,97,4,4.9,Cat,Apartment,Mixed,0.76
2,20.59,106,5,67,5,6.7,Bird,Farm,Mixed,0.26
7,0.9,51,4,488,1,2.9,Rabbit,Apartment,Mixed,0.69
13,55.81,236,0,757,2,6.6,Cat,House,Wet,0.04
17,4.38,271,1,236,6,9.3,Dog,Farm,Dry,0.84
14,42.84,176,5,394,1,10.0,Rabbit,Farm,Dry,0.45
1,76.99,288,4,273,5,1.3,Bird,Farm,Dry,0.64
9,9.2,98,4,537,4,3.1,Rabbit,Farm,Dry,0.22
1,71.61,187,3,278,9,3.8,Bird,Apartment,Mixed,0.68
16,79.32,206,2,439,0,4.6,Rabbit,House,Wet,0.77
7,5.39,276,2,638,9,3.2,Cat,Farm,Wet,0.47
0,70.69,277,5,237,3,2.8,Cat,Farm,Wet,0.62
8,41.53,83,3,319,1,9.6,Dog,House,Mixed,0.46
10,72.57,17,3,656,3,9.3,Bird,Apartment,Wet,0.89
15,45.92,173,3,359,0,1.4,Dog,Farm,Mixed,0.5
6,53.14,94,5,181,1,4.0,Cat,Apartment,Wet,0.84
9,43.73,81,2,600,7,4.6,Bird,Apartment,Dry,0.8
2,69.23,64,3,121,5,3.2,Dog,Apartment,Mixed,0.41
17,58.85,56,0,721,1,6.7,Dog,Apartment,Wet,0.23
12,41.94,247,4,236,5,6.8,Dog,Farm,Dry,0.41
6,69.52,113,4,535,9,8.7,Dog,Farm,Dry,0.83
3,20.0,219,1,240,8,7.7,Dog,Apartment,Dry,0.23
12,13.01,51,1,471,6,5.9,Bird,Apartment,Mixed,0.52
19,13.25,277,5,169,8,6.9,Dog,House,Mixed,0.81
0,27.05,272,5,269,4,3.5,Bird,House,Wet,0.35
7,19.48,268,4,102,6,6.3,Dog,House,Dry,0.64
13,74.44,292,0,783,6,5.4,Cat,Farm,Wet,0.25
15,8.91,123,2,500,2,2.2,Cat,House,Wet,0.11
13,56.07,49,2,461,6,3.2,Dog,Farm,Dry,0.79
11,15.54,229,5,692,0,3.6,Rabbit,Farm,Wet,0.1
18,70.59,138,0,286,8,9.3,Cat,Farm,Mixed,0.27
14,76.92,17,5,787,9,3.1,Bird,Farm,Wet,0.86
1,37.5,110,2,769,5,3.6,Dog,House,Dry,0.35
1,70.39,185,5,455,4,4.3,Bird,Apartment,Mixed,0.97
18,0.91,116,3,657,6,7.0,Rabbit,Apartment,Mixed,0.98
16,65.69,110,5,471,4,2.1,Dog,Apartment,Wet,0.27
19,18.68,269,4,761,9,9.6,Cat,House,Wet,0.04
9,72.74,255,5,296,4,8.8,Bird,Apartment,Mixed,0.71
5,0.59,284,4,121,9,6.2,Cat,House,Wet,0.45
14,44.72,41,0,234,6,7.1,Cat,House,Dry,0.1
10,60.65,146,2,55,9,1.1,Dog,House,Wet,0.71
4,21.07,21,1,255,6,4.1,Bird,Apartment,Wet,0.03
0,15.85,25,1,593,2,8.2,Rabbit,Apartment,Mixed,0.87
7,7.19,138,2,660,2,1.7,Cat,Apartment,Wet,0.14
11,26.45,72,1,436,9,3.5,Dog,Farm,Wet,0.13
11,45.01,118,5,748,2,6.3,Dog,House,Wet,0.18
4,9.71,30,0,125,5,3.3,Rabbit,Farm,Dry,0.96
6,30.45,167,0,226,5,9.4,Dog,House,Wet,0.69
3,1.22,278,2,398,2,2.2,Cat,Apartment,Dry,0.8
5,65.59,171,1,304,2,8.2,Dog,House,Dry,0.4
12,10.71,269,5,751,7,5.6,Bird,House,Dry,0.34
19,23.03,111,0,357,7,7.8,Bird,Farm,Dry,0.23
14,1.97,232,0,394,6,3.8,Cat,House,Mixed,0.48
2,34.86,68,3,176,9,5.6,Bird,Apartment,Dry,0.55
7,67.29,256,3,336,3,8.7,Rabbit,House,Wet,0.63
19,31.68,137,0,774,3,5.2,Dog,House,Dry,0.26
15,14.77,292,2,645,2,4.2,Cat,House,Wet,0.95
12,60.42,34,4,536,4,5.8,Rabbit,Farm,Dry,0.17
17,63.21,140,4,432,2,7.5,Dog,House,Mixed,0.97
9,14.31,205,5,455,7,5.0,Rabbit,House,Dry,0.01
18,61.78,290,0,437,6,9.4,Cat,Farm,Dry,0.48
16,75.81,163,0,574,2,3.7,Cat,Farm,Mixed,0.33
18,13.73,142,0,606,8,5.3,Rabbit,Farm,Dry,0.45
4,61.79,236,2,688,4,7.8,Dog,Farm,Wet,0.57
8,56.83,198,3,675,8,7.2,Bird,Apartment,Dry,0.44
11,38.15,274,0,325,6,8.8,Bird,Apartment,Dry,0.41
0,5.1,143,0,549,6,10.0,Rabbit,House,Dry,0.73
0,6.44,220,1,766,5,4.8,Cat,Apartment,Mixed,0.69
14,68.27,69,2,386,1,2.0,Dog,House,Dry,0.83
1,79.22,222,5,530,8,1.3,Dog,Apartment,Dry,0.25
15,54.25,225,0,322,5,7.5,Cat,Farm,Wet,0.61
7,35.95,235,1,107,7,8.9,Bird,Farm,Dry,0.59
12,51.98,140,4,377,0,3.0,Dog,Apartment,Dry,0.37
0,47.75,85,5,780,4,2.4,Rabbit,Apartment,Dry,0.49
15,31.0,295,0,158,0,1.6,Bird,House,Dry,0.31
6,5.72,286,0,328,9,8.4,Rabbit,House,Wet,0.14
4,65.81,165,1,735,7,3.8,Bird,House,Wet,0.21
2,30.06,257,2,377,7,4.6,Cat,Farm,Mixed,0.11
11,65.59,227,0,364,0,5.5,Rabbit,Farm,Dry,0.68
15,20.57,199,4,523,8,8.6,Rabbit,Farm,Mixed,0.66
18,0.58,172,0,160,1,6.9,Cat,Farm,Mixed,0.95
4,13.14,189,4,748,8,6.5,Rabbit,House,Dry,0.73
13,37.75,43,5,278,0,2.6,Bird,Farm,Wet,0.05
4,75.57,50,5,546,9,5.6,Dog,Farm,Wet,0.88
14,8.62,84,3,205,8,7.4,Dog,Farm,Dry,0.86
16,68.41,288,3,522,3,9.8,Cat,Farm,Dry,0.44
13,42.4,185,4,750,8,2.8,Bird,Apartment,Wet,0.59
19,66.16,159,2,321,6,1.1,Rabbit,House,Dry,0.98
4,24.22,282,0,51,5,1.7,Rabbit,House,Dry,0.53
11,67.28,117,0,771,4,4.4,Dog,Farm,Dry,0.91
15,61.94,148,3,560,8,8.4,Rabbit,Apartment,Wet,0.08
15,18.79,280,4,335,1,1.1,Dog,House,Mixed,0.19
6,10.94,298,0,62,1,5.1,Cat,House,Mixed,0.44
3,69.51,221,0,657,8,4.0,Rabbit,Farm,Dry,0.58
0,77.08,281,2,547,2,1.5,Bird,Farm,Wet,0.82
4,2.99,75,1,782,7,5.1,Rabbit,House,Dry,0.99
9,58.64,257,3,287,8,3.3,Dog,House,Wet,0.39
4,72.81,165,3,143,7,4.2,Cat,Apartment,Dry,0.05
3,68.66,56,1,387,3,7.4,Dog,House,Wet,0.8
1,77.18,210,0,220,0,5.7,Rabbit,House,Wet,0.6
19,60.93,157,2,655,3,2.1,Dog,Farm,Mixed,0.2
9,35.66,133,2,710,8,9.7,Dog,House,Dry,0.49
18,25.3,10,3,673,1,6.7,Cat,Farm,Mixed,0.74
0,26.0,256,2,616,2,7.9,Bird,House,Mixed,0.77
4,58.09,137,5,516,9,1.7,Rabbit,House,Wet,0.5
12,59.79,200,1,677,7,1.4,Cat,House,Dry,0.31
3,16.43,76,0,192,5,1.2,Bird,Apartment,Wet,0.97
15,69.52,13,5,250,7,2.7,Dog,Farm,Wet,0.66
15,57.34,152,1,229,6,4.7,Bird,Apartment,Wet,0.41
1,45.24,200,4,763,4,9.4,Dog,House,Dry,0.28
16,37.99,30,3,413,8,5.1,Dog,Apartment,Dry,0.73
19,43.69,236,2,528,3,3.6,Cat,Farm,Wet,0.24
11,13.16,126,4,614,5,6.1,Dog,House,Dry,0.17
17,16.69,151,2,520,1,2.0,Cat,Apartment,Wet,0.53
2,7.75,48,5,433,1,6.5,Bird,Apartment,Dry,0.29
0,12.72,261,0,741,1,6.1,Bird,Farm,Dry,0.63
0,36.57,216,0,466,9,8.1,Dog,Apartment,Mixed,0.12
18,42.66,219,0,357,6,9.9,Cat,Farm,Wet,0.65
10,1.92,124,2,698,1,3.3,Dog,House,Mixed,0.28
4,63.85,234,4,743,1,5.6,Cat,House,Mixed,0.0
11,23.89,143,0,416,8,9.2,Cat,Apartment,Wet,0.13
2,72.99,260,4,50,6,8.1,Cat,House,Wet,0.93
0,77.42,228,2,93,2,5.4,Bird,House,Dry,0.87
0,15.24,100,5,788,2,9.5,Cat,Apartment,Wet,0.23
7,37.24,55,4,147,6,1.5,Bird,House,Mixed,0.78
9,0.6,47,5,769,4,9.4,Cat,Apartment,Mixed,0.61
10,48.07,151,2,314,9,1.5,Bird,Farm,Wet,0.97
11,48.78,109,2,189,5,5.9,Rabbit,Farm,Mixed,0.37
12,20.18,199,3,530,7,9.0,Bird,Farm,Dry,0.68
11,44.89,44,2,286,8,3.4,Bird,Apartment,Mixed,0.06
13,18.43,156,2,121,0,5.3,Dog,Apartment,Dry,0.4
1,13.29,39,1,716,2,3.9,Cat,House,Mixed,0.96
18,52.3,93,0,239,6,9.6,Rabbit,House,Dry,0.54
17,26.41,290,3,317,5,8.4,Dog,House,Dry,0.29
2,47.43,279,3,370,6,7.4,Cat,House,Wet,0.12
16,34.94,163,3,156,7,6.3,Rabbit,House,Dry,0.7
7,78.76,111,1,281,5,8.4,Rabbit,Apartment,Wet,0.64
9,12.39,224,5,91,2,4.5,Rabbit,Apartment,Mixed,0.37
1,37.44,159,2,751,1,5.0,Cat,Farm,Mixed,0.95
18,54.6,92,0,188,6,7.6,Rabbit,Farm,Mixed,0.02
8,31.95,119,4,664,0,4.2,Rabbit,Farm,Dry,0.3
6,77.99,284,5,732,2,1.6,Dog,Farm,Mixed,0.92
3,57.89,210,2,322,3,1.7,Bird,Apartment,Mixed,0.32
17,52.73,293,1,530,0,2.0,Cat,Apartment,Wet,0.25
12,60.69,182,2,465,4,8.8,Bird,Apartment,Wet,0.53
10,76.24,215,2,555,9,5.3,Dog,House,Mixed,0.82
3,72.67,72,1,782,2,7.4,Bird,House,Mixed,0.1
3,58.08,82,3,774,1,4.5,Rabbit,Farm,Dry,0.94
9,60.06,260,3,473,2,3.3,Rabbit,House,Dry,0.8
4,12.1,133,0,456,7,4.1,Cat,Apartment,Mixed,0.18
8,8.67,130,0,617,5,8.1,Cat,Farm,Wet,0.71
2,45.89,284,3,439,6,6.6,Cat,Farm,Mixed,0.38
16,1.96,129,5,391,5,9.4,Dog,House,Dry,0.4
2,38.85,173,4,663,5,7.1,Cat,Farm,Wet,0.78
15,17.22,295,2,542,2,6.1,Dog,House,Wet,0.96
3,28.01,274,4,241,7,6.5,Rabbit,House,Dry,0.13
17,62.18,170,2,548,6,9.5,Bird,Farm,Mixed,0.42
16,75.33,98,3,761,6,8.1,Rabbit,House,Mixed,0.48
6,6.26,151,0,282,5,1.2,Rabbit,House,Mixed,0.38
4,42.97,212,5,276,4,5.8,Rabbit,House,Dry,0.36
11,70.66,236,0,420,9,7.2,Cat,House,Wet,0.05
16,7.06,231,4,188,7,7.7,Cat,Farm,Dry,0.69
12,66.05,50,0,198,4,2.9,Cat,Apartment,Mixed,0.44
2,28.95,205,3,164,8,8.8,Bird,Apartment,Dry,0.19
8,26.11,77,5,499,8,9.6,Cat,House,Wet,0.82
16,78.21,273,4,112,0,3.1,Dog,House,Dry,0.8
16,16.47,11,5,153,5,8.9,Rabbit,House,Mixed,0.49
19,55.61,134,2,717,6,1.9,Bird,Apartment,Wet,0.3
15,65.8,119,0,322,2,1.5,Bird,House,Dry,0.64
12,3.77,95,5,55,6,2.2,Bird,Farm,Dry,0.29
18,53.8,129,1,196,6,1.5,Bird,Farm,Wet,0.24
16,76.15,136,0,233,1,8.6,Bird,Farm,Wet,0.73
3,10.38,264,2,77,6,1.5,Dog,Apartment,Mixed,0.04
11,71.75,192,5,599,0,3.4,Rabbit,House,Wet,0.09
8,47.78,25,4,168,4,1.9,Bird,House,Mixed,0.01
18,49.52,71,2,342,8,3.7,Rabbit,House,Dry,0.15
11,49.23,167,1,420,6,1.8,Cat,Apartment,Mixed,0.07
8,24.26,277,5,293,6,7.0,Bird,Apartment,Dry,1.0
6,74.85,44,3,629,1,2.2,Bird,Apartment,Wet,0.29
13,75.81,276,0,775,7,8.7,Rabbit,Apartment,Dry,0.15
19,50.21,73,4,267,2,8.4,Bird,Farm,Wet,0.24
18,62.78,59,3,226,7,1.1,Bird,Apartment,Dry,0.94
14,49.17,264,5,348,2,9.1,Bird,Apartment,Dry,0.52
15,39.01,158,5,725,9,1.3,Dog,Apartment,Dry,0.36
4,53.04,285,2,107,6,3.2,Dog,House,Dry,0.87
2,44.46,181,5,318,1,1.3,Bird,House,Mixed,0.39
11,48.0,210,4,357,3,4.0,Dog,House,Dry,0.34
19,62.81,44,3,619,5,5.6,Cat,Farm,Mixed,0.21
3,38.73,225,4,337,8,8.2,Bird,Farm,Wet,0.38
15,3.74,74,1,154,4,4.0,Cat,Apartment,Wet,0.32
6,13.54,17,1,277,8,7.3,Rabbit,House,Mixed,0.68
12,35.37,85,0,296,4,2.7,Cat,Farm,Wet,0.29
9,58.12,183,0,749,9,7.8,Rabbit,House,Wet,0.58
6,47.67,56,1,543,7,3.1,Bird,Farm,Dry,0.07
13,52.2,24,5,132,0,2.3,Rabbit,Farm,Dry,0.19
4,38.6,156,4,235,6,2.7,Rabbit,Apartment,Dry,0.41
2,49.45,35,1,301,3,2.6,Cat,Apartment,Mixed,0.94
10,26.66,102,0,404,4,5.6,Cat,Farm,Mixed,0.38
10,37.88,241,1,799,5,8.6,Cat,Apartment,Wet,0.66
17,59.67,30,5,745,4,1.7,Bird,Farm,Dry,0.26
14,69.81,47,1,259,0,7.4,Bird,Farm,Mixed,0.13
11,34.98,285,4,658,8,6.9,Cat,House,Mixed,0.06
8,3.97,166,3,496,1,8.9,Bird,Apartment,Dry,0.31
9,13.35,188,5,509,8,3.2,Bird,Apartment,Mixed,0.16
11,2.16,141,0,521,9,5.1,Rabbit,Apartment,Dry,0.17
16,52.43,37,4,769,1,9.3,Rabbit,House,Wet,0.76
5,26.92,269,1,419,8,6.9,Cat,House,Wet,0.02
6,43.63,85,1,541,5,4.5,Bird,House,Wet,0.56
13,39.72,76,3,186,8,2.2,Rabbit,Apartment,Dry,0.38
12,6.98,203,0,416,5,3.4,Dog,Apartment,Mixed,0.51
7,32.56,171,0,233,5,6.2,Bird,Apartment,Wet,0.56
9,18.03,266,2,637,1,7.5,Dog,House,Wet,0.31
8,33.76,81,0,336,7,2.1,Cat,House,Wet,0.3
17,16.68,96,3,521,2,6.4,Bird,Farm,Mixed,0.73
1,67.32,271,2,424,6,6.0,Cat,House,Mixed,0.87
4,14.35,223,2,703,4,5.6,Cat,Farm,Dry,0.19
4,76.88,162,1,798,2,7.2,Cat,Apartment,Wet,0.1
5,33.56,219,1,586,0,8.5,Cat,House,Mixed,0.9
18,67.78,70,0,560,7,3.9,Cat,Apartment,Dry,0.35
7,50.49,277,2,628,2,9.0,Bird,Apartment,Wet,0.55
15,58.96,271,1,299,1,2.4,Dog,Apartment,Mixed,0.36
12,61.53,227,3,559,0,2.6,Bird,Apartment,Mixed,0.13
0,40.64,292,1,679,3,3.4,Bird,House,Dry,0.59
19,43.69,145,5,122,7,2.1,Bird,Apartment,Wet,0.53
16,41.36,102,5,331,2,3.1,Rabbit,Farm,Wet,0.2
6,47.25,118,1,409,0,2.0,Rabbit,House,Mixed,0.45
12,2.84,250,2,59,3,8.4,Bird,Apartment,Wet,0.8
3,31.94,151,2,260,8,2.3,Dog,House,Dry,0.59
3,48.69,246,4,201,0,7.7,Bird,Farm,Mixed,0.1
5,48.02,186,5,54,1,1.4,Cat,Apartment,Mixed,0.55
18,63.54,150,3,244,8,9.5,Rabbit,Farm,Dry,0.7
11,52.57,198,2,332,1,7.4,Rabbit,Apartment,Mixed,0.79
6,79.37,58,0,513,2,1.1,Bird,Farm,Wet,0.63
9,23.07,199,5,162,6,7.9,Bird,Apartment,Wet,0.15
18,29.05,145,3,320,2,5.6,Dog,House,Mixed,0.71
6,31.02,52,3,212,8,8.0,Dog,Apartment,Dry,0.68
2,37.53,99,2,509,5,5.7,Cat,House,Dry,0.02
12,66.96,254,3,154,2,6.8,Bird,Apartment,Wet,0.41
12,19.25,201,2,742,8,8.1,Bird,Apartment,Dry,0.33
17,62.19,115,1,605,0,4.6,Bird,Farm,Mixed,0.67
19,32.72,242,5,331,9,1.0,Rabbit,Farm,Mixed,0.22
7,48.35,274,4,736,2,8.6,Cat,Farm,Wet,0.59
8,50.79,46,1,211,0,4.4,Dog,Apartment,Wet,0.91
6,30.14,50,5,400,1,5.5,Rabbit,Apartment,Wet,0.8
0,41.25,26,2,483,7,1.1,Rabbit,Apartment,Dry,0.92
2,33.34,286,5,189,6,5.4,Rabbit,House,Mixed,0.98
12,6.0,68,2,520,1,9.9,Rabbit,House,Mixed,0.01
16,35.25,192,1,181,1,3.5,Cat,Apartment,Mixed,0.62
0,8.24,50,0,136,8,4.6,Bird,Farm,Wet,0.41
5,32.7,48,0,737,5,7.2,Dog,Farm,Mixed,0.86
5,47.64,201,5,232,4,8.3,Dog,Farm,Dry,0.25
11,46.56,276,0,417,9,4.8,Rabbit,Apartment,Dry,0.98
12,53.18,156,2,178,5,3.8,Rabbit,Farm,Mixed,0.61
12,8.07,136,3,295,8,9.4,Cat,Apartment,Wet,0.79
14,52.34,55,2,650,6,7.1,Rabbit,House,Mixed,0.09
15,25.32,54,3,627,9,2.1,Dog,Farm,Dry,0.18
10,32.22,10,1,719,9,1.6,Dog,House,Dry,0.76
4,68.71,177,4,427,8,5.4,Bird,Farm,Dry,0.02
3,1.22,117,3,198,3,3.0,Bird,Apartment,Mixed,0.82
2,47.28,28,0,482,1,3.3,Dog,Apartment,Dry,0.01
18,48.1,81,2,677,7,8.9,Dog,Apartment,Wet,0.66
19,32.03,118,1,775,3,1.8,Cat,Apartment,Mixed,0.37
17,19.34,277,0,518,8,7.4,Cat,Farm,Mixed,0.61
14,19.16,249,1,495,3,3.4,Dog,House,Dry,0.7
8,70.75,99,4,530,7,7.8,Rabbit,Apartment,Dry,0.34
16,35.64,112,2,343,8,7.5,Bird,Farm,Wet,0.11
13,26.81,259,5,192,8,1.1,Dog,House,Mixed,0.07
14,36.18,17,2,299,9,5.6,Rabbit,Apartment,Dry,0.59
0,53.72,162,4,351,3,2.3,Dog,House,Wet,0.52
2,12.09,183,2,74,0,8.8,Bird,Apartment,Dry,0.74
15,36.23,167,5,119,2,8.8,Bird,House,Mixed,0.51
10,47.24,224,3,674,8,4.8,Cat,House,Dry,0.42
11,75.91,186,1,161,3,5.0,Cat,Apartment,Mixed,0.4
9,20.58,184,5,413,4,3.7,Cat,Farm,Dry,0.03
15,29.06,155,0,352,6,7.4,Cat,House,Mixed,0.34
7,30.66,170,4,520,4,4.2,Bird,Apartment,Wet,0.98
5,48.64,136,3,140,3,3.4,Rabbit,House,Mixed,0.87
11,28.86,91,0,579,1,4.9,Rabbit,House,Wet,0.33
7,42.91,156,0,710,1,1.8,Rabbit,Farm,Mixed,0.59
3,62.65,248,4,788,3,7.7,Dog,House,Wet,0.85
7,56.58,93,3,775,9,1.1,Cat,House,Dry,0.44
17,35.99,122,0,712,9,6.8,Cat,Apartment,Mixed,0.02
4,69.21,234,0,241,8,2.6,Bird,Apartment,Dry,0.07
8,44.87,252,3,601,7,3.1,Bird,Farm,Wet,0.51
3,43.42,152,2,291,2,6.7,Dog,House,Mixed,0.97
16,3.22,50,0,187,8,9.9,Dog,House,Mixed,0.69
8,78.94,267,1,394,4,8.0,Rabbit,House,Dry,0.07
0,10.28,294,3,229,2,3.0,Bird,Farm,Mixed,0.19
19,18.87,114,0,761,4,2.6,Cat,House,Mixed,0.77
12,4.61,211,4,552,9,8.8,Rabbit,Apartment,Dry,0.84
15,51.38,275,5,252,3,5.0,Cat,Farm,Mixed,0.62
12,18.36,219,1,622,7,2.2,Rabbit,Apartment,Dry,0.64
13,14.81,60,5,241,4,8.8,Cat,Apartment,Dry,0.03
2,7.54,127,5,54,9,8.3,Dog,Farm,Dry,0.83
5,8.71,210,0,286,7,9.9,Rabbit,Apartment,Dry,0.79
17,46.98,48,1,742,8,9.2,Cat,House,Dry,0.26
18,55.21,37,1,360,3,8.7,Cat,Farm,Wet,0.71
4,32.09,268,2,598,6,1.5,Bird,Apartment,Wet,0.21
14,38.65,93,5,105,1,1.9,Rabbit,House,Dry,0.04
1,55.03,164,1,492,5,6.1,Cat,House,Wet,0.2
9,1.88,126,2,286,7,5.8,Bird,Apartment,Wet,0.18
17,26.19,11,3,246,6,5.1,Cat,House,Mixed,0.34
12,77.86,102,2,634,6,4.6,Rabbit,Farm,Dry,0.42
4,46.62,175,4,620,7,4.9,Dog,Apartment,Wet,0.51
0,20.71,267,0,563,6,6.1,Rabbit,House,Mixed,0.48
0,41.98,90,3,498,4,1.0,Rabbit,House,Mixed,0.27
17,27.74,277,3,409,6,3.3,Cat,Apartment,Dry,0.03
14,42.81,244,4,749,9,5.7,Cat,Apartment,Dry,0.61
16,10.5,222,2,79,2,7.5,Rabbit,Apartment,Mixed,0.4
10,11.05,71,0,157,4,2.6,Bird,Apartment,Dry,0.3
16,11.91,58,2,651,6,5.9,Bird,Farm,Dry,0.87
12,75.22,136,1,766,8,7.4,Bird,Apartment,Mixed,0.75
0,58.77,232,2,494,1,5.0,Cat,Farm,Mixed,0.86
1,13.41,288,3,487,3,1.2,Cat,Farm,Dry,0.49
8,15.47,293,0,781,6,5.0,Rabbit,Apartment,Wet,0.13
2,58.6,286,2,655,0,3.7,Dog,Farm,Dry,0.7
0,12.92,116,0,506,1,9.4,Cat,Apartment,Wet,0.21
15,19.15,155,0,664,8,2.1,Rabbit,Apartment,Mixed,0.44
5,77.09,108,1,784,9,6.9,Rabbit,House,Wet,0.07
16,20.8,82,1,747,6,1.5,Dog,Apartment,Mixed,0.83
4,53.1,131,3,745,9,5.0,Bird,House,Dry,0.13
4,78.3,39,4,544,6,6.0,Rabbit,Farm,Dry,0.9
5,30.26,197,0,723,5,3.7,Rabbit,House,Mixed,0.86
2,1.89,297,4,296,2,5.1,Rabbit,Farm,Mixed,0.46
4,19.91,204,3,592,9,2.5,Bird,Apartment,Mixed,0.74
4,66.55,165,0,613,2,3.7,Bird,Farm,Dry,0.62
9,69.24,181,0,637,1,6.6,Dog,Farm,Dry,0.8
9,61.6,50,5,488,5,3.7,Cat,Apartment,Wet,0.43
18,9.49,72,4,327,3,9.1,Bird,Farm,Mixed,0.79
16,63.74,32,2,601,4,6.7,Cat,Apartment,Wet,0.46
13,73.53,84,1,662,2,4.9,Cat,House,Dry,0.94
8,48.25,57,2,160,5,1.3,Bird,Apartment,Wet,0.49
13,75.3,169,4,434,2,5.5,Rabbit,Apartment,Wet,0.46
0,66.23,127,1,240,7,7.9,Dog,Farm,Dry,0.79
18,53.52,109,2,539,8,3.4,Cat,House,Dry,0.82
12,46.39,176,5,743,3,8.3,Rabbit,Apartment,Mixed,0.55
12,28.21,299,1,475,8,3.3,Bird,House,Wet,0.18
3,13.16,165,0,454,6,8.4,Cat,House,Dry,0.47
0,48.59,16,2,384,2,1.8,Cat,Farm,Dry,0.97
16,25.79,205,1,258,6,8.8,Cat,Apartment,Wet,0.75
7,69.38,65,5,71,0,5.5,Rabbit,Farm,Dry,0.81
1,79.47,202,1,727,2,3.7,Rabbit,Apartment,Mixed,0.03
7,60.32,56,1,660,5,3.4,Rabbit,House,Mixed,0.47
6,7.69,157,5,257,3,4.9,Cat,Apartment,Wet,0.65
1,23.45,284,2,57,6,10.0,Cat,Apartment,Mixed,0.83
2,9.17,166,3,751,2,3.0,Dog,House,Dry,0.05
17,52.22,211,2,736,0,1.9,Dog,House,Dry,0.85
11,61.33,135,4,578,8,6.3,Rabbit,Apartment,Dry,0.55
0,74.09,73,5,651,5,5.4,Rabbit,Farm,Dry,0.2
11,35.33,185,2,702,7,5.7,Bird,Apartment,Wet,0.32
4,72.16,125,1,706,2,7.0,Rabbit,House,Mixed,0.28
16,70.29,213,5,215,7,3.4,Dog,Farm,Mixed,0.53
15,25.72,40,0,545,1,9.2,Dog,House,Dry,0.05
14,69.58,122,2,639,3,4.9,Dog,House,Wet,0.16
14,30.37,76,5,478,2,2.2,Cat,Farm,Dry,0.81
4,24.1,84,2,212,9,7.7,Cat,House,Dry,0.13
13,52.1,54,5,415,0,6.8,Rabbit,House,Wet,0.23
1,26.61,269,1,575,6,3.8,Bird,House,Wet,0.45
10,50.6,163,0,288,9,6.6,Bird,House,Dry,0.52
18,48.98,164,0,121,1,3.0,Bird,House,Mixed,0.76
6,45.29,243,4,494,3,5.0,Cat,House,Dry,0.45
5,30.74,60,5,704,8,9.1,Dog,House,Mixed,0.79
1,44.11,271,2,558,5,2.2,Dog,House,Mixed,0.62
5,47.92,134,0,318,7,4.5,Cat,House,Wet,0.11
17,43.88,254,0,464,1,8.4,Bird,Apartment,Wet,0.16
1,35.83,39,3,294,6,9.7,Bird,Apartment,Dry,0.44
17,1.67,131,3,724,5,5.1,Rabbit,House,Mixed,0.4
14,47.17,134,0,109,8,5.6,Rabbit,Apartment,Mixed,0.74
18,13.89,46,5,55,6,6.1,Bird,Farm,Dry,0.58
1,51.58,179,4,758,0,9.4,Cat,Apartment,Dry,0.39
19,60.87,133,0,619,7,8.7,Bird,House,Dry,0.17
5,40.29,44,1,456,9,2.5,Rabbit,House,Wet,0.23
0,43.62,96,2,266,2,4.9,Bird,Apartment,Dry,0.58
14,76.14,143,4,75,1,5.2,Cat,House,Dry,0.42
9,67.85,205,1,54,2,8.1,Dog,Farm,Mixed,0.51
18,73.18,283,4,581,5,6.4,Cat,Farm,Dry,0.17
16,65.19,210,1,439,2,6.9,Cat,House,Mixed,0.66
4,9.16,294,2,759,9,10.0,Rabbit,Farm,Mixed,0.85
3,12.34,86,2,620,4,1.7,Cat,Farm,Wet,0.26
9,42.37,68,3,497,5,3.0,Cat,Apartment,Dry,0.49
16,20.06,135,5,195,7,4.7,Rabbit,Farm,Dry,0.98
9,38.4,118,1,437,6,4.1,Rabbit,Apartment,Mixed,0.33
16,31.85,233,3,298,7,1.2,Dog,House,Wet,0.6
19,44.18,287,1,575,2,1.8,Bird,Apartment,Wet,0.09
4,59.88,77,3,511,3,7.1,Cat,House,Dry,0.61
1,57.38,78,2,62,5,8.9,Rabbit,House,Mixed,0.09
5,41.94,174,4,433,6,5.6,Dog,House,Dry,0.96
1,65.88,171,3,605,8,5.9,Bird,House,Dry,0.72
12,34.75,51,1,448,0,3.3,Rabbit,House,Dry,0.79
10,71.79,118,1,68,7,7.9,Bird,Apartment,Dry,0.7
10,6.17,60,5,624,7,7.8,Bird,House,Mixed,0.59
15,76.4,259,2,540,5,6.3,Cat,Farm,Wet,0.45
10,52.55,30,1,468,3,2.9,Cat,Farm,Dry,0.86
18,30.72,148,0,386,2,1.9,Rabbit,House,Dry,0.96
14,16.17,101,4,468,2,1.6,Bird,Farm,Dry,0.5
15,38.6,289,3,661,5,6.3,Rabbit,Apartment,Dry,0.93
10,15.97,134,5,724,7,8.4,Rabbit,Apartment,Wet,0.58
15,13.72,120,4,171,6,8.7,Bird,House,Wet,0.54
7,49.58,148,2,481,0,5.2,Rabbit,House,Wet,0.45
3,42.09,282,5,93,5,8.1,Bird,House,Wet,0.21
7,53.77,108,3,366,6,9.5,Bird,Farm,Dry,0.0
3,74.4,261,3,430,6,3.5,Bird,Farm,Mixed,0.24
2,42.81,113,0,194,8,4.6,Bird,Apartment,Wet,0.51
2,46.68,223,2,376,9,9.4,Dog,Farm,Wet,0.38
17,7.63,258,5,412,4,4.0,Bird,Apartment,Dry,0.45
18,57.55,161,5,99,0,9.2,Cat,Farm,Dry,0.98
18,32.29,259,1,114,1,9.8,Cat,Apartment,Dry,0.35
4,78.15,284,0,404,3,7.0,Cat,House,Dry,0.45
17,65.94,174,0,213,4,8.4,Bird,Farm,Mixed,0.13
9,42.04,17,5,190,8,7.7,Cat,Apartment,Mixed,0.05
5,10.3,293,5,177,0,7.3,Dog,Farm,Wet,0.78
0,68.82,14,4,447,2,3.8,Rabbit,House,Mixed,0.57
4,64.08,154,4,512,4,1.5,Bird,Apartment,Wet,0.76
8,15.17,110,4,236,2,4.1,Cat,Farm,Wet,0.15
11,23.97,173,0,769,3,7.0,Dog,Farm,Mixed,0.57
13,63.58,156,1,781,2,1.9,Rabbit,House,Wet,0.25
1,15.23,73,3,239,3,1.1,Dog,House,Dry,0.23
16,73.46,100,4,437,0,2.3,Cat,Apartment,Wet,0.01
13,34.25,126,1,478,7,7.4,Dog,Farm,Dry,0.13
12,7.42,276,2,333,3,9.8,Rabbit,Farm,Mixed,0.31
8,65.35,182,4,286,6,9.8,Cat,House,Mixed,0.12
14,30.19,56,3,243,1,5.4,Rabbit,House,Wet,0.99
14,42.36,149,2,336,1,8.8,Dog,Apartment,Dry,0.31
10,9.43,255,2,185,5,7.6,Bird,Farm,Wet,0.13
15,0.71,158,3,220,1,5.5,Bird,Farm,Mixed,0.2
16,51.22,255,4,208,5,6.2,Bird,Apartment,Wet,0.59
3,41.46,14,0,250,1,2.2,Bird,Apartment,Wet,0.06
0,47.69,193,3,536,3,9.4,Rabbit,House,Dry,0.86
7,63.6,29,3,606,6,4.2,Bird,House,Mixed,0.96
16,51.91,55,3,632,7,5.0,Rabbit,Apartment,Wet,0.25
2,14.39,21,2,553,2,7.0,Cat,Apartment,Dry,0.45
19,29.18,79,1,420,8,4.0,Bird,Farm,Wet,0.02
14,72.52,26,0,152,1,3.3,Rabbit,Apartment,Dry,0.64
14,61.71,156,4,174,7,6.7,Bird,Apartment,Dry,0.41
13,44.75,163,4,362,7,1.2,Bird,Farm,Wet,0.27
13,20.82,117,1,507,3,7.5,Bird,Apartment,Mixed,0.21
1,24.51,245,3,279,0,5.6,Rabbit,House,Mixed,0.65
12,58.69,79,0,707,0,6.5,Dog,House,Dry,0.42
13,68.17,192,4,246,1,6.7,Bird,Farm,Mixed,0.18
18,53.88,259,5,782,8,5.7,Bird,Apartment,Dry,0.69
6,64.86,237,4,472,1,6.2,Cat,House,Mixed,0.57
2,61.45,111,3,621,1,7.2,Dog,House,Wet,0.86
14,12.4,84,5,659,5,7.8,Rabbit,House,Mixed,0.12
13,34.2,225,1,220,6,7.5,Cat,House,Dry,0.79
10,12.66,212,0,431,6,8.8,Bird,Apartment,Dry,0.67
14,19.2,201,1,222,8,2.7,Cat,Apartment,Mixed,0.12
12,69.61,258,1,712,5,4.6,Cat,Apartment,Wet,0.69
17,38.09,251,0,502,7,9.5,Bird,Apartment,Dry,0.44
5,43.06,188,0,399,5,4.6,Dog,House,Dry,0.94
2,14.69,228,4,683,1,2.1,Dog,Farm,Dry,0.14
18,25.33,91,4,543,0,5.7,Cat,Farm,Dry,0.64
14,18.8,101,0,669,4,2.0,Bird,House,Dry,0.38
4,16.89,184,5,53,8,2.8,Rabbit,House,Wet,0.96
9,51.22,248,2,142,7,10.0,Cat,Farm,Mixed,0.33
6,20.92,269,4,55,3,5.9,Rabbit,Farm,Wet,0.96
16,50.75,172,2,337,4,3.6,Cat,House,Wet,0.9
6,5.15,57,5,667,4,10.0,Cat,House,Dry,0.27
11,11.77,125,0,195,5,9.7,Bird,Apartment,Wet,0.8
16,22.33,234,5,473,2,5.0,Bird,Apartment,Dry,1.0
12,47.97,156,4,657,4,3.3,Rabbit,Farm,Wet,0.25
19,54.23,72,1,506,1,8.5,Rabbit,House,Dry,0.44
3,35.7,22,0,790,9,7.4,Dog,Farm,Dry,0.52
9,35.94,198,3,251,0,7.2,Bird,Apartment,Wet,0.29
2,58.1,296,2,261,0,9.0,Cat,Apartment,Wet,0.02
8,1.76,217,5,55,9,7.2,Cat,Farm,Mixed,0.22
12,27.62,123,0,673,6,3.6,Dog,Apartment,Mixed,0.28
17,65.59,31,5,425,1,7.2,Bird,House,Mixed,0.44
14,48.46,223,0,496,3,3.8,Cat,Farm,Wet,0.17
3,27.31,180,4,155,4,7.8,Dog,House,Wet,0.87
14,72.49,63,4,700,6,6.6,Dog,House,Dry,0.7
1,61.92,135,4,450,1,1.7,Cat,Apartment,Mixed,0.09
14,21.56,286,5,145,5,5.6,Cat,House,Dry,0.65
7,51.8,213,3,437,0,4.1,Rabbit,Farm,Dry,0.65
7,47.86,203,4,501,6,4.0,Bird,House,Dry,0.96
16,32.39,178,0,465,8,6.4,Rabbit,House,Dry,0.0
11,29.67,161,4,775,4,3.9,Dog,House,Mixed,0.25
18,27.81,44,1,553,4,8.0,Cat,House,Dry,0.93
9,49.56,193,4,503,3,1.6,Rabbit,House,Wet,0.93
8,35.67,295,5,340,2,6.9,Dog,Apartment,Wet,0.72
4,66.63,66,3,583,8,8.3,Bird,Farm,Wet,0.77
5,53.73,231,1,242,4,7.1,Cat,Apartment,Mixed,0.09
19,6.06,172,5,199,7,5.5,Rabbit,Farm,Dry,0.51
1,51.39,28,5,564,8,9.6,Bird,Farm,Mixed,0.23
12,22.06,273,5,442,4,3.7,Rabbit,Farm,Dry,0.18
5,47.63,291,0,365,9,1.2,Dog,Farm,Mixed,0.81
4,54.57,122,5,125,8,4.9,Bird,Farm,Mixed,0.14
0,18.85,39,0,648,1,1.3,Rabbit,House,Dry,0.47
5,36.82,144,5,319,8,9.6,Bird,Apartment,Mixed,0.94
5,15.63,76,2,274,3,2.9,Dog,Apartment,Dry,0.19
15,4.66,74,1,579,5,8.1,Bird,House,Wet,0.98
3,30.59,34,2,162,5,8.0,Rabbit,Farm,Wet,0.99
10,29.35,46,5,300,5,3.0,Dog,Apartment,Wet,0.56
8,79.64,10,1,282,1,6.6,Cat,House,Mixed,0.17
2,35.99,46,1,763,6,1.4,Rabbit,House,Wet,0.32
18,27.02,150,3,132,5,5.4,Rabbit,Apartment,Dry,0.42
7,46.65,241,2,174,0,1.1,Dog,Apartment,Wet,0.31
4,7.56,145,3,224,1,9.3,Dog,Farm,Wet,0.28
3,76.95,197,1,118,6,9.8,Cat,Farm,Mixed,0.97
5,50.98,137,0,96,0,3.0,Rabbit,Apartment,Dry,0.15
1,60.51,210,1,305,0,2.9,Dog,Farm,Mixed,0.73
19,14.05,136,3,776,0,7.8,Cat,House,Mixed,0.0
10,33.05,266,2,79,7,3.3,Cat,Farm,Dry,0.6
3,34.1,173,5,330,3,9.1,Dog,Farm,Mixed,0.92
14,65.83,44,5,286,3,6.2,Rabbit,House,Dry,0.29
5,0.6,203,2,297,1,4.2,Bird,Farm,Wet,0.19
16,24.42,200,5,417,0,8.5,Bird,House,Dry,0.65
5,78.51,113,5,544,9,5.4,Cat,Farm,Dry,0.71
18,38.25,32,3,74,8,9.2,Bird,Apartment,Dry,0.69
1,30.91,274,2,635,6,9.4,Bird,Farm,Mixed,0.32
14,10.03,299,4,767,3,2.5,Dog,Apartment,Dry,0.25
10,77.95,269,0,539,5,1.0,Cat,Apartment,Dry,0.96
7,2.09,84,0,543,1,9.9,Rabbit,Apartment,Dry,0.92
18,59.11,81,5,363,6,9.2,Cat,Apartment,Wet,0.46
12,61.6,268,0,655,1,1.5,Dog,Apartment,Dry,0.85
11,19.87,197,2,424,9,8.5,Bird,House,Mixed,0.45
4,53.89,182,2,688,7,5.1,Rabbit,House,Dry,0.42
5,7.89,299,1,74,7,3.3,Cat,House,Dry,0.16
3,20.94,54,1,383,0,8.9,Bird,Apartment,Wet,0.43
18,63.14,70,0,404,7,2.8,Cat,Farm,Dry,0.54
19,69.24,92,4,165,1,9.5,Rabbit,House,Mixed,0.02
0,48.87,132,1,97,5,2.9,Cat,Farm,Dry,0.44
19,40.79,25,1,787,0,6.5,Cat,Farm,Mixed,0.78
16,13.16,75,2,148,4,3.0,Cat,Apartment,Wet,0.68
11,5.52,154,4,508,6,5.9,Bird,Apartment,Dry,0.64
14,9.85,171,5,572,9,7.2,Rabbit,Apartment,Wet,0.91
0,18.57,243,0,646,0,2.7,Rabbit,House,Dry,0.02
13,27.66,153,1,454,1,5.7,Bird,Apartment,Mixed,0.56
5,30.78,197,4,263,6,5.2,Bird,House,Wet,0.79
4,28.03,22,4,734,5,1.6,Bird,House,Dry,0.54
10,19.5,193,0,552,2,8.4,Dog,House,Mixed,0.32
3,41.02,120,4,770,9,4.0,Cat,House,Wet,0.14
12,66.11,299,4,497,1,6.2,Cat,Apartment,Dry,0.89
10,22.74,224,4,625,9,5.6,Rabbit,House,Wet,0.47
2,75.42,129,1,307,3,5.6,Cat,Apartment,Dry,0.88
0,69.93,64,0,170,2,2.0,Dog,Apartment,Mixed,0.59
5,13.36,36,4,103,6,4.8,Bird,House,Mixed,0.67
17,63.01,127,4,380,7,5.1,Rabbit,Apartment,Wet,0.8
9,46.18,230,1,290,1,7.6,Rabbit,Farm,Wet,0.66
4,45.54,240,0,579,9,8.6,Cat,Apartment,Dry,0.4
9,31.59,62,2,532,6,5.9,Rabbit,Apartment,Mixed,0.51
11,40.34,242,1,236,7,1.8,Bird,House,Dry,0.8
1,32.08,167,0,705,5,3.1,Rabbit,House,Mixed,0.37
12,43.41,278,4,311,5,2.5,Bird,Apartment,Wet,0.39
7,50.42,30,0,413,9,2.1,Dog,House,Dry,0.1
1,54.11,62,0,540,0,4.3,Dog,Farm,Dry,0.91
19,42.83,284,5,480,3,3.1,Bird,Farm,Mixed,0.09
0,57.85,290,0,288,0,3.0,Cat,House,Mixed,0.65
4,11.73,223,2,353,3,1.5,Rabbit,Apartment,Mixed,0.41
8,17.35,40,0,347,1,1.2,Cat,Farm,Wet,0.41
16,65.59,192,2,125,4,1.9,Rabbit,Farm,Dry,0.68
8,26.14,32,4,749,9,2.5,Dog,Apartment,Mixed,0.07
10,2.32,41,2,382,8,4.9,Dog,House,Wet,0.59
14,12.73,83,4,691,9,5.6,Dog,Farm,Mixed,0.77
5,18.28,19,4,523,2,2.3,Rabbit,Apartment,Dry,0.83
2,76.61,63,2,332,7,4.8,Dog,Apartment,Mixed,0.17
16,46.06,61,1,640,2,4.1,Dog,Farm,Dry,0.9
4,74.65,157,3,121,5,2.7,Dog,House,Wet,0.66
11,46.23,169,0,312,3,1.1,Dog,Farm,Wet,0.88
17,38.61,23,5,752,7,5.2,Cat,Apartment,Mixed,0.49
13,25.44,187,3,624,5,7.2,Dog,Farm,Dry,0.54
10,48.71,62,0,61,7,3.0,Dog,House,Dry,0.92
8,11.57,31,0,190,0,2.2,Cat,Apartment,Dry,0.9
1,71.91,39,4,604,5,9.0,Cat,House,Mixed,0.45
11,66.43,200,0,66,0,3.5,Rabbit,Farm,Dry,0.27
2,25.74,269,5,112,0,3.0,Bird,Farm,Dry,0.39
2,76.25,214,0,302,7,8.7,Dog,House,Dry,0.39
0,66.1,68,2,514,6,8.4,Dog,Farm,Dry,0.29
7,53.47,273,3,425,2,5.0,Dog,House,Mixed,0.27
7,10.18,21,2,569,5,5.4,Rabbit,Farm,Mixed,0.86
10,38.52,128,5,139,8,3.0,Dog,House,Dry,0.07
8,40.74,299,0,769,6,1.7,Bird,House,Dry,0.68
4,18.99,257,5,679,2,6.2,Cat,Apartment,Wet,0.17
13,6.86,136,4,224,5,1.9,Rabbit,Apartment,Wet,0.34
2,62.25,84,2,125,3,5.0,Cat,House,Dry,0.06
4,10.2,213,2,662,2,9.5,Dog,Farm,Dry,0.27
4,47.75,58,1,712,8,9.6,Dog,Farm,Wet,0.77
18,74.95,88,0,449,9,3.2,Dog,Farm,Wet,0.89
13,70.15,250,4,120,1,6.6,Bird,House,Dry,0.22
3,22.58,163,2,229,0,5.3,Bird,House,Mixed,0.46
12,68.19,283,2,173,1,8.9,Rabbit,House,Mixed,0.47
9,0.53,105,4,430,6,3.4,Cat,House,Dry,0.87
17,1.91,223,5,342,9,1.0,Dog,Apartment,Dry,0.76
7,48.4,218,5,244,0,2.5,Dog,House,Wet,0.51
7,29.5,97,0,277,5,4.1,Dog,Farm,Wet,0.67
6,31.22,273,1,480,6,3.8,Dog,Apartment,Mixed,0.85
7,45.37,166,2,485,8,8.1,Bird,Farm,Dry,0.01
13,15.75,165,1,510,7,7.1,Cat,House,Wet,0.4
18,17.33,148,5,667,5,3.7,Cat,Apartment,Mixed,0.91
5,39.03,130,5,70,2,5.1,Rabbit,House,Mixed,0.74
0,60.46,74,3,113,7,1.9,Bird,Apartment,Mixed,0.54
14,49.75,116,0,214,6,9.1,Dog,Farm,Wet,0.53
0,24.14,156,3,76,2,9.4,Cat,House,Wet,0.35
16,34.71,146,3,360,8,9.8,Cat,House,Dry,0.52
0,14.07,171,3,334,1,8.8,Bird,Apartment,Dry,0.66
14,6.43,109,0,709,2,2.6,Rabbit,Apartment,Mixed,0.42
1,62.72,150,0,330,1,1.4,Rabbit,House,Mixed,0.71
13,21.6,92,4,213,0,6.2,Dog,Apartment,Wet,0.86
7,14.63,186,1,273,3,9.2,Rabbit,House,Wet,0.15
7,55.48,207,1,195,4,2.6,Cat,Apartment,Dry,0.45
18,49.64,121,4,79,5,1.1,Rabbit,Farm,Dry,0.41
6,50.84,65,4,94,4,8.2,Dog,Apartment,Dry,0.69
18,18.7,188,5,520,0,1.7,Cat,Farm,Wet,0.25
5,19.0,195,3,83,2,4.7,Rabbit,Apartment,Mixed,0.64
5,18.05,227,4,702,0,7.1,Rabbit,Apartment,Dry,0.88
2,14.31,226,2,476,4,3.1,Bird,House,Dry,0.42
6,52.63,129,1,270,4,1.8,Dog,Apartment,Wet,0.91
18,67.92,184,4,583,5,7.9,Rabbit,Apartment,Dry,0.99
7,58.08,32,2,741,7,6.7,Bird,Farm,Mixed,0.11
9,63.47,222,2,416,9,9.9,Cat,Apartment,Wet,0.23
19,32.68,244,2,792,0,4.1,Bird,House,Dry,0.95
14,52.5,22,5,599,3,1.6,Bird,Farm,Dry,0.96
14,28.66,110,5,631,9,7.6,Rabbit,House,Wet,0.1
0,42.28,33,2,165,0,5.7,Rabbit,House,Wet,0.01
19,38.79,20,5,288,8,2.9,Rabbit,House,Dry,0.16
6,14.56,282,3,384,6,8.0,Bird,House,Mixed,1.0
3,31.27,290,2,490,6,2.8,Cat,Farm,Wet,0.18
5,77.12,103,3,197,4,3.3,Dog,Apartment,Mixed,0.5
0,20.26,210,3,58,6,1.8,Bird,House,Dry,0.85
4,11.14,30,2,337,1,4.6,Rabbit,Farm,Mixed,0.02
0,33.78,220,1,437,3,4.8,Dog,House,Dry,0.6
3,63.33,149,2,99,6,5.6,Cat,Apartment,Dry,0.28
1,46.78,110,2,566,2,7.4,Dog,Farm,Dry,0.86
9,54.64,37,5,687,1,9.2,Rabbit,Farm,Dry,0.28
4,15.58,50,2,636,9,2.2,Bird,Apartment,Mixed,0.69
9,49.71,155,1,726,1,1.5,Bird,Farm,Dry,0.67
0,26.22,265,5,327,0,1.2,Rabbit,Apartment,Dry,0.22
5,66.83,236,0,349,4,2.3,Bird,Farm,Mixed,0.03
12,50.53,245,0,638,5,6.9,Rabbit,Farm,Wet,0.41
14,16.31,22,3,698,5,7.5,Bird,Apartment,Mixed,0.29
3,5.64,219,3,667,8,8.1,Bird,Apartment,Mixed,0.81
12,3.89,238,1,656,3,3.2,Bird,Farm,Mixed,0.8
19,30.03,109,4,184,0,3.8,Cat,Farm,Dry,0.46
14,21.64,40,0,629,5,5.3,Cat,Apartment,Dry,0.61
7,51.86,25,3,196,4,1.6,Rabbit,Apartment,Dry,0.6
4,40.2,146,0,539,9,6.5,Cat,Farm,Wet,0.83
14,21.65,175,1,527,5,9.9,Rabbit,Farm,Dry,0.43
3,12.36,109,1,208,2,4.2,Dog,Farm,Wet,0.28
11,10.61,118,4,433,1,7.8,Dog,Apartment,Dry,0.27
12,69.24,182,4,212,5,5.5,Cat,Farm,Mixed,0.54
1,19.86,246,5,490,0,2.2,Dog,House,Dry,0.45
18,52.31,171,1,238,6,6.2,Dog,Apartment,Wet,0.44
18,64.95,225,3,464,6,3.7,Bird,Farm,Wet,0.09
3,49.32,273,0,388,9,1.3,Bird,Apartment,Dry,0.72
3,68.84,272,2,656,6,6.7,Rabbit,House,Mixed,0.21
10,31.7,283,4,230,9,8.7,Dog,Apartment,Dry,0.2
4,76.52,12,2,337,0,4.1,Rabbit,Farm,Dry,0.41
19,11.09,37,3,236,3,4.5,Rabbit,House,Dry,0.23
10,8.62,158,4,187,6,9.0,Dog,House,Mixed,0.58
9,52.87,37,2,179,8,8.3,Cat,Farm,Wet,0.37
7,75.46,74,3,243,4,7.4,Dog,Farm,Mixed,0.45
5,64.81,30,0,365,1,3.2,Bird,Farm,Wet,0.54
5,6.58,261,3,193,6,9.2,Dog,Apartment,Wet,0.2
7,22.71,244,5,65,9,2.4,Cat,Apartment,Wet,0.16
14,74.46,236,4,351,0,6.6,Rabbit,Apartment,Mixed,0.88
13,20.62,22,1,472,6,1.3,Rabbit,Farm,Dry,0.43
10,62.6,58,0,294,5,6.8,Bird,Farm,Dry,0.41
11,66.1,127,2,156,6,3.5,Bird,Apartment,Dry,0.04
12,39.89,63,4,137,9,5.0,Bird,House,Dry,0.5
7,31.21,147,1,178,2,4.1,Rabbit,Apartment,Dry,0.55
17,36.28,62,3,390,2,2.6,Bird,House,Mixed,0.56
0,18.54,53,1,53,6,6.6,Dog,Farm,Mixed,0.71
14,71.21,62,4,376,1,8.9,Rabbit,Farm,Mixed,0.18
7,36.32,83,4,459,0,9.6,Cat,Apartment,Mixed,0.25
10,70.66,55,5,355,8,2.7,Rabbit,Apartment,Mixed,0.81
11,8.9,22,5,656,8,7.5,Dog,Farm,Mixed,0.95
11,79.07,174,1,770,6,7.0,Dog,Apartment,Mixed,0.14
3,35.74,111,3,274,6,4.1,Bird,Farm,Dry,0.5
15,4.3,289,1,397,2,1.2,Rabbit,Farm,Wet,0.21
3,3.52,267,4,370,9,7.2,Rabbit,House,Mixed,0.06
4,59.82,147,4,608,1,9.5,Rabbit,Apartment,Wet,0.33
4,52.89,172,2,230,6,6.7,Cat,Farm,Mixed,0.14
7,64.27,120,5,667,8,4.9,Bird,Apartment,Mixed,0.71
9,8.88,111,2,760,0,5.7,Dog,House,Dry,0.53
16,3.33,26,0,435,3,2.8,Dog,House,Wet,0.14
8,40.93,277,4,667,5,7.8,Bird,Apartment,Dry,0.01
18,31.31,191,2,157,6,7.7,Dog,Apartment,Dry,0.81
13,37.22,33,1,580,9,2.3,Dog,Farm,Wet,0.18
7,79.33,38,5,459,6,8.9,Bird,House,Dry,0.61
8,77.67,180,5,345,9,3.4,Dog,House,Mixed,0.34
10,75.41,237,3,220,1,9.8,Rabbit,House,Mixed,0.59
0,62.82,197,1,380,3,4.4,Cat,Apartment,Mixed,0.32
13,28.71,239,3,542,4,2.6,Bird,Farm,Mixed,0.09
4,33.26,128,2,244,0,4.2,Cat,Apartment,Mixed,0.22
13,44.19,165,0,61,0,5.0,Dog,Apartment,Dry,0.19
3,66.53,281,1,244,9,1.6,Dog,Apartment,Dry,0.43
0,5.96,184,1,539,2,6.2,Rabbit,Farm,Mixed,0.66
18,34.23,113,1,231,9,6.4,Bird,Apartment,Mixed,0.26
7,7.07,101,3,705,2,7.7,Dog,House,Dry,0.01
14,41.42,195,2,365,7,1.3,Bird,House,Wet,0.52
14,71.96,292,1,743,8,5.9,Bird,House,Dry,0.61
8,62.71,190,1,79,0,1.5,Bird,Farm,Dry,0.96
8,18.61,179,5,645,1,7.3,Bird,Apartment,Dry,0.59
9,78.09,196,0,727,9,1.5,Bird,Farm,Dry,0.47
19,53.55,184,5,145,1,9.2,Cat,Apartment,Dry,0.57
8,1.33,231,5,430,3,7.3,Rabbit,House,Wet,0.93
2,20.81,242,0,493,1,5.6,Bird,Apartment,Mixed,0.83
19,21.23,171,2,347,6,5.0,Cat,Apartment,Mixed,0.32
10,6.01,143,5,786,8,2.2,Dog,Apartment,Wet,0.24
5,76.81,233,2,410,6,3.6,Bird,Farm,Mixed,0.26
1,38.52,162,5,423,5,8.8,Dog,Apartment,Mixed,0.5
